{"client_id": "472909253237-665taq5k6v361kj8129sllhns4d3430n.apps.googleusercontent.com", "refresh_token": "1/r6Rr6Fr9chQ5l7E1WFaFxbXHxGCHwJ0HZ8WgaZP7BFw", "token_uri": "https://www.googleapis.com/oauth2/v3/token", "_class": "OAuth2Credentials", "_module": "oauth2client.client", "id_token_jwt": null, "token_response": {"scope": "https://www.googleapis.com/auth/drive.metadata.readonly", "access_token": "ya29.GltWBqvwGoK0GjBeCvu7_Tx-Xx_Z-wJ72L6qjeCSZGKzXgqJQ5K-RDJEZVBuUg4sVu-w3AJjnI2fdP2-3As-sq43ef4JHXKeXRVVsB1HW-dxhbVyWWj7qVVOpHyd", "refresh_token": "1/r6Rr6Fr9chQ5l7E1WFaFxbXHxGCHwJ0HZ8WgaZP7BFw", "token_type": "Bearer", "expires_in": 3600}, "token_expiry": "2018-11-16T11:14:46Z", "client_secret": "exrFV7adqnVyg2NlNvUAZ8pk", "revoke_uri": "https://oauth2.googleapis.com/revoke", "id_token": null, "invalid": false, "token_info_uri": "https://oauth2.googleapis.com/tokeninfo", "access_token": "ya29.GltWBqvwGoK0GjBeCvu7_Tx-Xx_Z-wJ72L6qjeCSZGKzXgqJQ5K-RDJEZVBuUg4sVu-w3AJjnI2fdP2-3As-sq43ef4JHXKeXRVVsB1HW-dxhbVyWWj7qVVOpHyd", "scopes": ["https://www.googleapis.com/auth/drive.metadata.readonly"], "user_agent": null}